{"cameraMode":{"drawMode":0,"name":"Shaded","section":"Shading Mode"},"sceneLighting":false,"audioPlay":false,"sceneViewState":{"showFog":true,"showMaterialUpdate":false,"showSkybox":false,"showFlares":true,"showImageEffects":true,"showParticleSystems":true},"in2DMode":false,"pivot":{"x":-2.8329739570617677,"y":-1.8513048887252808,"z":4.7187180519104},"rotation":{"x":0.22299103438854218,"y":-0.27098095417022707,"z":0.06466739624738693,"w":0.9341902732849121},"size":3.86602520942688,"orthographic":false}